Timestamp,Name,DURATION,Genre,Acousticness,Loudness,Liveness,Instrumentality,Energy,Target,Tempo,Rating
9/17/2020 22:03,Oniket Prantor,LONG,rock,MEDIUM,MEDIUM,HIGH,HIGH,HIGH,1,MEDIUM,5
9/17/2020 23:03,Chokh,MEDIUM,jazz,HIGH,HIGH,HIGH,HIGH,MEDIUM,1,MEDIUM,5
9/17/2020 23:04,Shathi,MEDIUM,pop,MEDIUM,LOW,MEDIUM,MEDIUM,MEDIUM,1,HIGH,5
9/17/2020 23:07,Nam na jana pakhi,SHORT,jazz,HIGH,MEDIUM,HIGH,MEDIUM,MEDIUM,1,HIGH,4
9/17/2020 23:07,Premi,SHORT,pop,HIGH,MEDIUM,LOW,HIGH,LOW,1,MEDIUM,4
9/17/2020 23:08,O je mane na mana,SHORT,rnb,HIGH,MEDIUM,LOW,LOW,HIGH,0,MEDIUM,3
9/17/2020 23:09,Tomake Chuye Dilam,MEDIUM,rock,HIGH,LOW,LOW,LOW,HIGH,0,MEDIUM,4
9/17/2020 23:10,Majhe Majhe Tobu,SHORT,folk,HIGH,LOW,HIGH,LOW,MEDIUM,0,MEDIUM,5
9/17/2020 23:11,Amay Bhashaili Re,SHORT,rnb,LOW,LOW,HIGH,MEDIUM,HIGH,0,MEDIUM,3
9/17/2020 23:13,Mon Mane Na,MEDIUM,rock,HIGH,HIGH,HIGH,MEDIUM,HIGH,1,MEDIUM,5
9/17/2020 23:21,E Mon Aj,LONG,pop,HIGH,MEDIUM,HIGH,MEDIUM,LOW,0,HIGH,4
9/17/2020 23:27,Aj Ai Din Take,MEDIUM,pop,MEDIUM,LOW,LOW,HIGH,MEDIUM,0,MEDIUM,5
9/17/2020 23:27,Purano Shei Diner kotha,SHORT,rock,HIGH,HIGH,MEDIUM,MEDIUM,HIGH,1,LOW,5
9/17/2020 23:28,Se Jeno Amar Pashe,LONG,pop,LOW,LOW,MEDIUM,MEDIUM,HIGH,0,HIGH,4
9/17/2020 23:29,Ami Chini Go Chini Tomare,LONG,rock,LOW,HIGH,MEDIUM,HIGH,MEDIUM,0,MEDIUM,3
9/17/2020 23:30,Hashimukh,MEDIUM,jazz,MEDIUM,LOW,MEDIUM,MEDIUM,LOW,1,MEDIUM,4
9/17/2020 23:30,Ai Rat Tomar Amar,LONG,pop,MEDIUM,HIGH,HIGH,MEDIUM,HIGH,1,HIGH,5
9/17/2020 23:30,Pagla Hawar Badol Dine,MEDIUM,rock,HIGH,MEDIUM,MEDIUM,MEDIUM,MEDIUM,1,MEDIUM,5
9/17/2020 23:30,Abar hashimukh,MEDIUM,jazz,HIGH,MEDIUM,MEDIUM,MEDIUM,LOW,1,MEDIUM,5
9/17/2020 23:31,Debi,MEDIUM,pop,MEDIUM,MEDIUM,MEDIUM,LOW,MEDIUM,0,LOW,4
9/17/2020 23:32,Neshar bojha,MEDIUM,pop,MEDIUM,MEDIUM,HIGH,MEDIUM,MEDIUM,1,MEDIUM,5
9/17/2020 23:32,Ai Poth Jodi Na Sesh Hoy,MEDIUM,rock,MEDIUM,HIGH,MEDIUM,HIGH,MEDIUM,1,MEDIUM,5
9/17/2020 23:33,Tamak pata,MEDIUM,jazz,LOW,MEDIUM,MEDIUM,MEDIUM,LOW,0,MEDIUM,5
9/17/2020 23:33,Coffee Houser Shei Addata,LONG,rock,MEDIUM,HIGH,HIGH,HIGH,MEDIUM,1,MEDIUM,5
9/17/2020 23:36,Bojhena She Bojhena,LONG,rock,HIGH,HIGH,MEDIUM,MEDIUM,HIGH,1,HIGH,5
9/17/2020 23:36,Na re Na,SHORT,jazz,MEDIUM,MEDIUM,MEDIUM,LOW,LOW,0,HIGH,2
9/17/2020 23:37,Boro Eka Eka Lage Amar,LONG,jazz,MEDIUM,HIGH,HIGH,MEDIUM,LOW,0,LOW,5
9/17/2020 23:37,Saat Pake Badha,SHORT,rock,HIGH,MEDIUM,MEDIUM,MEDIUM,HIGH,0,MEDIUM,5
9/17/2020 23:38,She chilo Boroi Anmona,SHORT,rock,MEDIUM,HIGH,HIGH,MEDIUM,MEDIUM,0,MEDIUM,5
9/17/2020 23:38,Tomar jonno,MEDIUM,jazz,MEDIUM,MEDIUM,MEDIUM,LOW,MEDIUM,1,MEDIUM,5
9/17/2020 23:38,Golmal,MEDIUM,folk,MEDIUM,HIGH,MEDIUM,MEDIUM,LOW,0,MEDIUM,4
9/17/2020 23:38,Hik kolorob,MEDIUM,jazz,MEDIUM,MEDIUM,MEDIUM,MEDIUM,MEDIUM,1,MEDIUM,4
9/17/2020 23:39,Maya,SHORT,jazz,MEDIUM,HIGH,MEDIUM,MEDIUM,LOW,0,MEDIUM,5
9/17/2020 23:39,Se je boshe ache,MEDIUM,jazz,MEDIUM,MEDIUM,MEDIUM,MEDIUM,MEDIUM,1,MEDIUM,5
9/17/2020 23:39,100 Percent Love,MEDIUM,rock,HIGH,MEDIUM,MEDIUM,HIGH,HIGH,0,MEDIUM,5
9/17/2020 23:40,Shonar Moyna Pakhi,LONG,folk,HIGH,MEDIUM,MEDIUM,MEDIUM,HIGH,1,MEDIUM,4
9/17/2020 23:40,O ki Garial Bhai,MEDIUM,folk,HIGH,LOW,LOW,HIGH,MEDIUM,0,MEDIUM,4
9/17/2020 23:41,Jiboner Golpo,MEDIUM,rnb,HIGH,MEDIUM,MEDIUM,MEDIUM,HIGH,0,HIGH,5
9/17/2020 23:44,Neshar bojha ,MEDIUM,pop,MEDIUM,MEDIUM,HIGH,MEDIUM,HIGH,1,MEDIUM,5
9/18/2020 0:09,Nilanjona,MEDIUM,pop,MEDIUM,MEDIUM,HIGH,HIGH,MEDIUM,0,MEDIUM,3
9/18/2020 0:10,Bedona,MEDIUM,rnb,HIGH,LOW,LOW,MEDIUM,LOW,0,LOW,5
9/18/2020 0:10,Phire Elam Dhure Giye,LONG,rnb,MEDIUM,HIGH,MEDIUM,HIGH,MEDIUM,1,MEDIUM,5
9/18/2020 0:12,Shei Rat Chilo Purnima,SHORT,jazz,MEDIUM,MEDIUM,HIGH,HIGH,HIGH,0,HIGH,2
9/18/2020 0:12,Mone Pore Rubi Roy,MEDIUM,rnb,HIGH,HIGH,MEDIUM,MEDIUM,LOW,1,LOW,3
9/18/2020 0:14,Cholo Bodle Jai,MEDIUM,rock,HIGH,HIGH,MEDIUM,MEDIUM,HIGH,0,MEDIUM,5
9/18/2020 0:14,Obosh Onuvutir Deyal | ARTCELL,SHORT,jazz,MEDIUM,MEDIUM,MEDIUM,MEDIUM,MEDIUM,1,MEDIUM,4
9/18/2020 0:14,Ek Akasher Tara,MEDIUM,jazz,MEDIUM,HIGH,LOW,HIGH,MEDIUM,0,HIGH,2
9/18/2020 0:15,  Koshto,MEDIUM,pop,MEDIUM,HIGH,MEDIUM,MEDIUM,MEDIUM,1,MEDIUM,5
9/18/2020 0:15,Koshto Pata Valobashi,LONG,rock,LOW,LOW,MEDIUM,HIGH,MEDIUM,0,MEDIUM,5
9/18/2020 0:16,Shei Tumi,LONG,rock,MEDIUM,HIGH,MEDIUM,LOW,HIGH,1,LOW,5
9/18/2020 0:16,Oniket Prantor,LONG,rock,HIGH,HIGH,HIGH,HIGH,HIGH,1,HIGH,5
9/18/2020 0:16,Natok,MEDIUM,rnb,MEDIUM,HIGH,MEDIUM,LOW,MEDIUM,0,MEDIUM,3
9/18/2020 0:16,Karone,MEDIUM,jazz,MEDIUM,HIGH,MEDIUM,HIGH,MEDIUM,1,MEDIUM,4
9/18/2020 0:17,Ei mon tomake dilam,MEDIUM,rnb,MEDIUM,MEDIUM,MEDIUM,MEDIUM,MEDIUM,1,MEDIUM,4
9/18/2020 0:17,Bangladesh | Shironamhin,SHORT,pop,LOW,MEDIUM,LOW,MEDIUM,MEDIUM,1,MEDIUM,5
9/18/2020 0:17,Hawker,LONG,folk,HIGH,MEDIUM,MEDIUM,HIGH,MEDIUM,0,HIGH,4
9/18/2020 0:17,Bodhuya,MEDIUM,jazz,MEDIUM,HIGH,MEDIUM,MEDIUM,HIGH,1,LOW,5
9/18/2020 0:17,Ekhono | Black,SHORT,pop,MEDIUM,LOW,MEDIUM,HIGH,MEDIUM,1,MEDIUM,5
9/18/2020 0:18,Rupali Guiter,MEDIUM,rnb,MEDIUM,HIGH,HIGH,MEDIUM,LOW,1,HIGH,5
9/18/2020 0:18,Baro Mash,SHORT,folk,MEDIUM,HIGH,LOW,LOW,MEDIUM,0,HIGH,3
9/18/2020 0:19,BEDHONA | SHUNNO,SHORT,pop,MEDIUM,LOW,MEDIUM,HIGH,LOW,1,MEDIUM,4
9/18/2020 0:19,Aynate oi mukh,SHORT,rnb,MEDIUM,MEDIUM,MEDIUM,MEDIUM,MEDIUM,1,MEDIUM,4
9/18/2020 0:19,Ferari Mon,LONG,jazz,MEDIUM,HIGH,LOW,HIGH,MEDIUM,1,LOW,5
9/18/2020 0:20,Ural Debo Akashe,MEDIUM,pop,MEDIUM,HIGH,LOW,HIGH,HIGH,0,MEDIUM,3
9/18/2020 0:20, Cafeteria Periye,MEDIUM,jazz,HIGH,MEDIUM,HIGH,HIGH,MEDIUM,1,HIGH,5
9/18/2020 0:20,Tomake Valobashe,LONG,folk,LOW,HIGH,HIGH,HIGH,LOW,1,MEDIUM,4
9/18/2020 0:20,Son re sujon ami boli j tore,MEDIUM,rnb,MEDIUM,MEDIUM,MEDIUM,MEDIUM,MEDIUM,1,MEDIUM,4
9/18/2020 0:21, Tomar Jonno Nilche Tara,MEDIUM,pop,MEDIUM,LOW,HIGH,MEDIUM,LOW,1,MEDIUM,4
9/18/2020 0:21,Ondho,MEDIUM,folk,HIGH,HIGH,LOW,HIGH,MEDIUM,1,LOW,5
9/18/2020 0:21,Dari koma,MEDIUM,folk,MEDIUM,MEDIUM,MEDIUM,MEDIUM,MEDIUM,1,MEDIUM,4
9/18/2020 0:22,MINAR | JHOOM ,MEDIUM,jazz,HIGH,MEDIUM,HIGH,HIGH,MEDIUM,1,HIGH,5
9/18/2020 0:22,Oporadhi,MEDIUM,folk,MEDIUM,MEDIUM,MEDIUM,MEDIUM,MEDIUM,1,MEDIUM,4
9/18/2020 0:22,Avijog,MEDIUM,pop,HIGH,LOW,MEDIUM,MEDIUM,LOW,1,MEDIUM,3
9/18/2020 0:23,Ami tomar shathey amake khuje pai,MEDIUM,folk,MEDIUM,MEDIUM,MEDIUM,MEDIUM,MEDIUM,1,MEDIUM,4
9/18/2020 0:24,Rojoni gondha,MEDIUM,folk,MEDIUM,MEDIUM,MEDIUM,MEDIUM,MEDIUM,0,MEDIUM,4
9/18/2020 0:27,Cholo Bodle Jai,SHORT,rock,LOW,MEDIUM,HIGH,MEDIUM,HIGH,0,MEDIUM,4
9/18/2020 0:28,Nodir Buke Chad,LONG,folk,HIGH,MEDIUM,MEDIUM,LOW,MEDIUM,1,MEDIUM,5
9/18/2020 0:28,Babu khaicho,SHORT,pop,MEDIUM,MEDIUM,MEDIUM,MEDIUM,MEDIUM,1,MEDIUM,4
9/18/2020 0:28,Eka,LONG,jazz,HIGH,MEDIUM,LOW,HIGH,MEDIUM,1,MEDIUM,4
9/18/2020 0:30,Ashole keo Shukhi Noy,LONG,jazz,LOW,MEDIUM,LOW,LOW,MEDIUM,1,HIGH,5
9/18/2020 0:31,Jiboner Mane,MEDIUM,folk,MEDIUM,HIGH,HIGH,LOW,MEDIUM,1,MEDIUM,5
9/18/2020 0:34,Tmi jaiyo na,SHORT,rock,HIGH,HIGH,HIGH,MEDIUM,HIGH,1,MEDIUM,5
9/18/2020 0:35,Vromor Koiyo Giya,MEDIUM,folk,LOW,LOW,HIGH,LOW,HIGH,1,MEDIUM,5
9/18/2020 0:36,Bondhurey,MEDIUM,pop,MEDIUM,MEDIUM,MEDIUM,HIGH,HIGH,1,MEDIUM,4
9/18/2020 0:36,Khoka ,MEDIUM,jazz,MEDIUM,MEDIUM,MEDIUM,MEDIUM,HIGH,1,MEDIUM,4
9/18/2020 0:37,Avijog,SHORT,jazz,HIGH,HIGH,HIGH,LOW,HIGH,1,HIGH,5
9/18/2020 0:37,Amar Shona Bondhu Re,MEDIUM,folk,HIGH,HIGH,HIGH,HIGH,HIGH,1,HIGH,5
9/18/2020 0:38,Ojanai,MEDIUM,jazz,HIGH,MEDIUM,HIGH,MEDIUM,HIGH,1,MEDIUM,5
9/18/2020 0:41,Wish you were here,MEDIUM,jazz,LOW,MEDIUM,HIGH,HIGH,HIGH,1,MEDIUM,5
9/18/2020 0:42,Black Magic By Little Mix,SHORT,rock,HIGH,HIGH,MEDIUM,HIGH,HIGH,1,HIGH,5
9/18/2020 0:44,Bonde Maya lagaise,MEDIUM,folk,MEDIUM,MEDIUM,MEDIUM,MEDIUM,MEDIUM,1,MEDIUM,4
9/18/2020 0:44,Esho Amar Shohore,SHORT,jazz,HIGH,LOW,HIGH,HIGH,HIGH,1,MEDIUM,5
9/18/2020 0:45,Kemne Vulibo Ami,SHORT,folk,HIGH,HIGH,HIGH,HIGH,HIGH,1,HIGH,5
9/18/2020 0:45,Maya Cycle,SHORT,folk,HIGH,LOW,HIGH,HIGH,LOW,1,MEDIUM,4
9/18/2020 0:46,Shona Diya Bandaisi Ghor,MEDIUM,folk,HIGH,HIGH,HIGH,HIGH,HIGH,1,HIGH,5
9/18/2020 0:46,Mon,SHORT,jazz,MEDIUM,LOW,HIGH,LOW,HIGH,1,MEDIUM,5
9/18/2020 0:47,Shape of you,SHORT,rock,HIGH,HIGH,MEDIUM,HIGH,HIGH,1,HIGH,4
9/18/2020 0:49,No surprises,MEDIUM,jazz,MEDIUM,LOW,HIGH,LOW,HIGH,1,MEDIUM,5
9/18/2020 0:51,Ei mon tumak dilam,MEDIUM,folk,MEDIUM,MEDIUM,HIGH,MEDIUM,MEDIUM,1,MEDIUM,5
9/18/2020 1:12,O Dunia,MEDIUM,rock,LOW,HIGH,MEDIUM,MEDIUM,HIGH,1,HIGH,5
9/18/2020 16:06,Premer Nam Bedona,MEDIUM,pop,MEDIUM,LOW,HIGH,MEDIUM,MEDIUM,1,LOW,4
9/18/2020 16:42,Ei Mon Tomake Dilam,LONG,folk,HIGH,MEDIUM,LOW,HIGH,MEDIUM,1,HIGH,4
9/18/2020 16:52,Tomake Chai,SHORT,rock,HIGH,MEDIUM,MEDIUM,LOW,HIGH,1,MEDIUM,5
9/18/2020 16:53,Shudhu Tomake Chai,LONG,pop,HIGH,LOW,MEDIUM,MEDIUM,HIGH,0,LOW,3
9/18/2020 17:05,Jeo Na Shathi,MEDIUM,rnb,MEDIUM,LOW,HIGH,MEDIUM,MEDIUM,0,MEDIUM,2
9/18/2020 17:07,Shonar Moyna Pakhi,SHORT,rock,HIGH,MEDIUM,HIGH,MEDIUM,HIGH,1,MEDIUM,4
9/18/2020 17:17,Amar Ekla Akash,MEDIUM,jazz,MEDIUM,HIGH,MEDIUM,LOW,LOW,1,MEDIUM,4
9/18/2020 17:18,Din Bari Jay,LONG,rock,HIGH,MEDIUM,MEDIUM,HIGH,MEDIUM,1,HIGH,5
9/18/2020 17:19,Amar Sarata Din,MEDIUM,pop,LOW,LOW,LOW,MEDIUM,LOW,0,HIGH,1
9/18/2020 17:20,Jhoom,LONG,jazz,HIGH,MEDIUM,HIGH,MEDIUM,MEDIUM,1,MEDIUM,3
9/18/2020 17:21,Abar,SHORT,folk,MEDIUM,HIGH,MEDIUM,LOW,HIGH,0,MEDIUM,1
9/18/2020 17:23,Ekakitte,SHORT,rnb,MEDIUM,MEDIUM,HIGH,LOW,MEDIUM,1,HIGH,4
9/18/2020 17:24,Deyale Deyale,SHORT,rock,MEDIUM,HIGH,MEDIUM,MEDIUM,HIGH,1,MEDIUM,3
9/18/2020 17:25,Aha re,LONG,folk,HIGH,MEDIUM,MEDIUM,HIGH,HIGH,1,MEDIUM,4
9/18/2020 17:26,Amar Shopno Tumi,MEDIUM,rock,HIGH,MEDIUM,MEDIUM,HIGH,MEDIUM,1,LOW,4
9/18/2020 17:27,Ki Tomar Nam,LONG,rnb,MEDIUM,HIGH,MEDIUM,HIGH,MEDIUM,1,MEDIUM,5
9/18/2020 17:28,Premi O Premi,LONG,folk,LOW,MEDIUM,HIGH,MEDIUM,MEDIUM,1,HIGH,3
9/18/2020 17:28,Kichu Kichu Kotha,MEDIUM,jazz,HIGH,MEDIUM,MEDIUM,LOW,LOW,1,MEDIUM,4
9/18/2020 17:29,Akashe Batashe,MEDIUM,pop,HIGH,MEDIUM,LOW,LOW,MEDIUM,1,MEDIUM,5
9/18/2020 17:29,Bangladesher Meye,SHORT,jazz,LOW,HIGH,LOW,HIGH,MEDIUM,1,MEDIUM,3
9/18/2020 17:30,Omanush,LONG,rnb,MEDIUM,HIGH,HIGH,MEDIUM,MEDIUM,1,LOW,5
9/18/2020 17:30,Jonom Jonom,MEDIUM,rock,MEDIUM,HIGH,HIGH,MEDIUM,LOW,1,HIGH,4
9/18/2020 17:33,Shoto Jonomer Shopno,MEDIUM,folk,LOW,LOW,MEDIUM,MEDIUM,HIGH,1,MEDIUM,5
9/18/2020 17:33,Tumi Amar Koto Chena,LONG,jazz,MEDIUM,HIGH,HIGH,LOW,LOW,1,HIGH,4
9/18/2020 19:50,Fire Asho Na,MEDIUM,rock,LOW,MEDIUM,HIGH,MEDIUM,LOW,1,LOW,5
9/18/2020 19:52,Tumi Amar koto Chena,SHORT,jazz,MEDIUM,HIGH,MEDIUM,LOW,MEDIUM,1,MEDIUM,3
9/18/2020 19:52,Chena Chena Lage,LONG,folk,HIGH,MEDIUM,MEDIUM,HIGH,HIGH,1,MEDIUM,4
9/18/2020 19:53,Tumi Amar Valobasha,SHORT,rnb,LOW,MEDIUM,HIGH,MEDIUM,HIGH,1,MEDIUM,5
9/18/2020 19:54,Ami Tomari ,MEDIUM,pop,MEDIUM,LOW,HIGH,MEDIUM,HIGH,1,MEDIUM,4
9/18/2020 19:55,Jiboner Golpo,LONG,pop,HIGH,MEDIUM,MEDIUM,HIGH,MEDIUM,1,HIGH,5
9/18/2020 20:03,Boro Eka Eka Lage Amar,LONG,rock,MEDIUM,LOW,HIGH,MEDIUM,LOW,1,MEDIUM,5
9/18/2020 20:03,Shopnogulo,MEDIUM,pop,LOW,MEDIUM,HIGH,MEDIUM,LOW,1,MEDIUM,4
9/18/2020 20:04,Lal Jhuti Kakatua,MEDIUM,folk,LOW,MEDIUM,MEDIUM,HIGH,HIGH,1,MEDIUM,4
9/18/2020 20:04,Mon Majhi Re,MEDIUM,rock,MEDIUM,LOW,MEDIUM,MEDIUM,LOW,1,HIGH,4
9/18/2020 20:05,O Amar Ural Ponkhire,MEDIUM,folk,HIGH,MEDIUM,HIGH,MEDIUM,HIGH,1,LOW,3
9/18/2020 20:05,Tumi Amar Amoni Ekjon,LONG,jazz,LOW,MEDIUM,MEDIUM,LOW,MEDIUM,1,LOW,5
9/18/2020 20:06,Ami Bonoful Go,SHORT,pop,MEDIUM,HIGH,MEDIUM,MEDIUM,LOW,1,HIGH,5
9/18/2020 20:07,Tumi Amar Moner Manush,LONG,rock,HIGH,MEDIUM,LOW,MEDIUM,HIGH,1,MEDIUM,5
9/18/2020 20:09,Batashe Gungun,MEDIUM,pop,HIGH,MEDIUM,LOW,HIGH,MEDIUM,1,MEDIUM,3
9/18/2020 20:09,More Jabo,LONG,folk,HIGH,LOW,MEDIUM,MEDIUM,HIGH,1,MEDIUM,5
9/18/2020 20:21,E Amar Gurudokkhina,SHORT,folk,LOW,HIGH,MEDIUM,LOW,HIGH,1,MEDIUM,5
9/18/2020 20:22,Tumi Mor Jiboner Vabona,LONG,folk,LOW,MEDIUM,HIGH,HIGH,MEDIUM,1,LOW,3
9/18/2020 20:22,O Priya,MEDIUM,jazz,HIGH,MEDIUM,LOW,MEDIUM,LOW,1,HIGH,5
9/18/2020 20:32,Thikana,MEDIUM,jazz,HIGH,MEDIUM,LOW,HIGH,MEDIUM,1,MEDIUM,5
9/18/2020 20:33,Rater Akashe,MEDIUM,jazz,MEDIUM,HIGH,HIGH,LOW,LOW,1,HIGH,5
9/18/2020 20:34,Tumi Je Amar Kobita,LONG,pop,LOW,MEDIUM,HIGH,MEDIUM,LOW,1,LOW,5
9/18/2020 20:54,Keno Ei Nisshongota,SHORT,rock,HIGH,MEDIUM,HIGH,MEDIUM,MEDIUM,1,LOW,5
9/18/2020 20:56,Amar Ghum Prani Bondhu,MEDIUM,folk,LOW,HIGH,HIGH,MEDIUM,MEDIUM,1,LOW,3
9/18/2020 20:56,Ki Chile Amar,LONG,pop,HIGH,MEDIUM,LOW,MEDIUM,HIGH,1,LOW,3
9/18/2020 21:04,Maa,SHORT,folk,MEDIUM,HIGH,HIGH,LOW,LOW,1,HIGH,5
9/18/2020 21:09,E Mon tomake Dilam,MEDIUM,jazz,MEDIUM,MEDIUM,HIGH,MEDIUM,LOW,1,MEDIUM,5
9/18/2020 21:12,Shironame Tumi,SHORT,rnb,MEDIUM,HIGH,MEDIUM,LOW,MEDIUM,1,HIGH,5
9/18/2020 21:13,Prem ki Bujhini,MEDIUM,rock,LOW,LOW,HIGH,MEDIUM,HIGH,1,MEDIUM,3
9/18/2020 21:20,Ek Paye Nupur Amar,LONG,folk,HIGH,MEDIUM,LOW,MEDIUM,HIGH,1,HIGH,5
9/18/2020 21:21,Ki Kore Bolbo Tomay,MEDIUM,rnb,MEDIUM,HIGH,MEDIUM,LOW,LOW,1,HIGH,4
9/18/2020 21:21,Mon Amar Tor Kinare,LONG,jazz,MEDIUM,LOW,MEDIUM,HIGH,MEDIUM,1,HIGH,4
9/18/2020 21:22,Rimjhim Ei Dharate,MEDIUM,rock,MEDIUM,HIGH,LOW,LOW,MEDIUM,1,MEDIUM,5
9/18/2020 22:26,Tomake Chai Ami,MEDIUM,pop,MEDIUM,LOW,MEDIUM,HIGH,MEDIUM,1,HIGH,5
9/18/2020 22:27,Keno Eto Chai Toke,LONG,rock,MEDIUM,LOW,HIGH,MEDIUM,LOW,1,LOW,5
9/18/2020 22:28,Doria Bondhu Re,SHORT,folk,MEDIUM,LOW,MEDIUM,HIGH,LOW,1,HIGH,4
9/18/2020 22:28,O Re Nil Doria,LONG,pop,LOW,MEDIUM,HIGH,MEDIUM,MEDIUM,1,LOW,5
9/18/2020 22:31,Ammajan,SHORT,jazz,LOW,HIGH,MEDIUM,HIGH,LOW,1,HIGH,3
9/18/2020 22:32,Ami Jacchi Baba,LONG,rnb,MEDIUM,HIGH,MEDIUM,HIGH,LOW,1,HIGH,5
9/18/2020 22:33,Bolte Bolte  Cholte Cholte,MEDIUM,rock,MEDIUM,LOW,HIGH,HIGH,MEDIUM,1,LOW,5
9/18/2020 22:34,Tumi kon Kanoner Ful,LONG,folk,MEDIUM,HIGH,HIGH,MEDIUM,LOW,1,MEDIUM,4
9/18/2020 22:35,Mago Tor Kanna,MEDIUM,jazz,MEDIUM,LOW,MEDIUM,MEDIUM,MEDIUM,1,MEDIUM,3
9/18/2020 22:35,Jibone ki Pabona,SHORT,folk,MEDIUM,HIGH,MEDIUM,HIGH,MEDIUM,1,MEDIUM,4
9/18/2020 22:36,Tomare Poroshe,LONG,jazz,HIGH,MEDIUM,MEDIUM,LOW,MEDIUM,1,HIGH,4
9/18/2020 22:36,Taravora Rate,MEDIUM,jazz,MEDIUM,MEDIUM,HIGH,MEDIUM,HIGH,1,MEDIUM,3
9/18/2020 22:37,Suachanpakhi,MEDIUM,rock,HIGH,HIGH,MEDIUM,LOW,MEDIUM,1,HIGH,4
9/18/2020 22:37,Kichu Kichu Manusher Jibone,LONG,rnb,HIGH,MEDIUM,HIGH,MEDIUM,LOW,1,MEDIUM,4
9/18/2020 22:38,Amar Golar Har,LONG,folk,HIGH,MEDIUM,HIGH,MEDIUM,LOW,1,MEDIUM,4
9/18/2020 22:41,Nai Telephone Naire Pion,MEDIUM,pop,HIGH,MEDIUM,LOW,HIGH,MEDIUM,1,HIGH,4
9/18/2020 22:45,O Shathi Re,LONG,folk,MEDIUM,HIGH,MEDIUM,HIGH,MEDIUM,1,MEDIUM,4
9/18/2020 22:46,Hashte Dekho,LONG,jazz,HIGH,LOW,LOW,MEDIUM,HIGH,1,MEDIUM,5
9/18/2020 22:47,Tomar Amar Prem,MEDIUM,jazz,LOW,MEDIUM,HIGH,LOW,MEDIUM,1,MEDIUM,4
9/18/2020 22:48,Nilanjona,MEDIUM,pop,LOW,LOW,HIGH,MEDIUM,MEDIUM,1,HIGH,5
9/18/2020 22:49,Ekti Bangladesh,SHORT,jazz,MEDIUM,LOW,MEDIUM,HIGH,MEDIUM,1,MEDIUM,3
9/18/2020 22:49,Ek Sagor Rokter Binimoye,MEDIUM,rnb,HIGH,MEDIUM,LOW,HIGH,LOW,1,MEDIUM,5
9/18/2020 22:50,O Amar Bangla Ma ,MEDIUM,rock,HIGH,MEDIUM,HIGH,MEDIUM,LOW,1,HIGH,5
9/18/2020 22:50,Ja Re Ja,MEDIUM,pop,MEDIUM,MEDIUM,LOW,HIGH,MEDIUM,1,LOW,4
9/18/2020 22:51,Mahi Ve,MEDIUM,rnb,MEDIUM,LOW,HIGH,LOW,HIGH,1,LOW,4
9/18/2020 22:56,Osru Diye Lekha Gaan,MEDIUM,pop,MEDIUM,HIGH,MEDIUM,HIGH,MEDIUM,1,LOW,5
9/18/2020 22:58,Challenge Nibi Na Shala,MEDIUM,rock,HIGH,MEDIUM,HIGH,MEDIUM,LOW,1,MEDIUM,4
9/18/2020 22:59,Eki Sundor Sornali Shondhay,SHORT,jazz,MEDIUM,LOW,MEDIUM,HIGH,LOW,1,MEDIUM,3
9/18/2020 23:01,Shopno Jeno Sotti Holo,MEDIUM,pop,HIGH,MEDIUM,LOW,MEDIUM,MEDIUM,1,HIGH,5
9/18/2020 23:02,Mon Je Kore Uru Uru,SHORT,pop,MEDIUM,HIGH,MEDIUM,HIGH,LOW,1,HIGH,4
9/18/2020 23:18,Din Gelo Tmaro ,MEDIUM,rnb,HIGH,LOW,HIGH,MEDIUM,LOW,1,MEDIUM,4
9/18/2020 23:19,Shopnonil,SHORT,rock,HIGH,LOW,HIGH,MEDIUM,MEDIUM,1,HIGH,3
9/19/2020 0:07,Ore Nil Doria,SHORT,jazz,MEDIUM,MEDIUM,HIGH,HIGH,LOW,1,LOW,4
9/19/2020 0:08,Jibone Ki Pabona,MEDIUM,rock,MEDIUM,HIGH,MEDIUM,HIGH,LOW,1,HIGH,5
9/19/2020 0:26,Ami Bar Bar Hajarbar,LONG,rock,MEDIUM,HIGH,MEDIUM,MEDIUM,HIGH,1,MEDIUM,5
9/19/2020 0:29,De De Pal Tule De,MEDIUM,rock,HIGH,LOW,LOW,MEDIUM,MEDIUM,1,HIGH,5
9/19/2020 0:29,Eto Sundor Prithibi,LONG,jazz,MEDIUM,HIGH,LOW,MEDIUM,HIGH,1,MEDIUM,5
9/19/2020 0:30,Tomar Khola Hawa,MEDIUM,pop,HIGH,LOW,MEDIUM,HIGH,MEDIUM,1,MEDIUM,4
9/19/2020 0:32,Chithi Elo Jelkhanate,SHORT,rnb,LOW,MEDIUM,HIGH,MEDIUM,HIGH,1,MEDIUM,4
9/19/2020 0:37,Tumi Ami,MEDIUM,pop,LOW,MEDIUM,HIGH,MEDIUM,LOW,1,MEDIUM,5
9/19/2020 0:38,Sobujher Buke Lal,MEDIUM,pop,MEDIUM,HIGH,LOW,MEDIUM,HIGH,1,MEDIUM,4
9/19/2020 0:39,Koshto,SHORT,rock,MEDIUM,HIGH,HIGH,HIGH,LOW,1,HIGH,5
9/19/2020 0:40,Ami Kan Pete Roi,SHORT,rnb,HIGH,LOW,MEDIUM,HIGH,MEDIUM,1,LOW,4
9/19/2020 0:44,Ghum,SHORT,jazz,LOW,LOW,MEDIUM,HIGH,MEDIUM,1,HIGH,5
9/19/2020 0:45,Tumi Amar Prothom Sokal,MEDIUM,folk,LOW,MEDIUM,HIGH,LOW,LOW,1,HIGH,5
9/19/2020 0:46,Tomari Poroshe,MEDIUM,folk,MEDIUM,HIGH,LOW,LOW,MEDIUM,1,HIGH,3
9/19/2020 0:46,Kothay Tumi,LONG,jazz,LOW,LOW,LOW,MEDIUM,HIGH,1,HIGH,4
9/19/2020 0:47,Amar Sokol Asha,MEDIUM,pop,HIGH,LOW,LOW,MEDIUM,HIGH,1,MEDIUM,4
9/19/2020 0:48,Mane na Mana,SHORT,rnb,MEDIUM,HIGH,HIGH,HIGH,MEDIUM,1,MEDIUM,5
9/19/2020 0:48,Akasher Tara,LONG,folk,MEDIUM,MEDIUM,MEDIUM,HIGH,LOW,1,MEDIUM,5
9/19/2020 0:49,Ei Rat Tomar Amar,SHORT,rock,MEDIUM,LOW,MEDIUM,LOW,MEDIUM,1,HIGH,4
9/19/2020 0:49,Chaina Meye ,SHORT,rock,HIGH,MEDIUM,LOW,MEDIUM,HIGH,1,LOW,3
9/19/2020 0:50,Shei Tumi,MEDIUM,rock,MEDIUM,HIGH,LOW,MEDIUM,MEDIUM,1,HIGH,5
9/19/2020 0:51,Mon Amar Eknotun,LONG,rock,MEDIUM,MEDIUM,HIGH,MEDIUM,LOW,1,LOW,4
9/19/2020 1:17,O Nodi Re,MEDIUM,rock,HIGH,LOW,LOW,HIGH,MEDIUM,1,HIGH,4
9/19/2020 1:21,Tumi Je Acho Tai,MEDIUM,folk,HIGH,MEDIUM,MEDIUM,LOW,HIGH,1,HIGH,4
9/19/2020 1:27,Adho Adho Chayate,MEDIUM,pop,MEDIUM,LOW,HIGH,MEDIUM,MEDIUM,1,HIGH,5
9/19/2020 1:28,Ami Kulhara Kolonkini,SHORT,folk,MEDIUM,HIGH,HIGH,LOW,MEDIUM,1,LOW,5
9/19/2020 1:34,Dhakai sharee,MEDIUM,pop,HIGH,MEDIUM,LOW,HIGH,MEDIUM,1,HIGH,4
9/19/2020 1:35,Prothom sokal,LONG,folk,HIGH,MEDIUM,MEDIUM,MEDIUM,HIGH,1,HIGH,3
9/19/2020 1:50,O Amar Bondhu Go,MEDIUM,pop,MEDIUM,LOW,HIGH,HIGH,MEDIUM,1,LOW,3
9/19/2020 1:58,O Vogoban,MEDIUM,pop,MEDIUM,HIGH,LOW,HIGH,HIGH,0,MEDIUM,5
9/19/2020 1:59,Nare Na,MEDIUM,pop,LOW,MEDIUM,HIGH,MEDIUM,LOW,0,MEDIUM,2
9/19/2020 2:00,Tumi Je Amar Kobita,MEDIUM,rnb,HIGH,HIGH,LOW,HIGH,MEDIUM,1,HIGH,4
9/19/2020 2:01,Aj Ai Akash,MEDIUM,folk,HIGH,MEDIUM,MEDIUM,LOW,LOW,1,MEDIUM,5
9/19/2020 2:07,Kache Asho na,MEDIUM,jazz,HIGH,MEDIUM,LOW,HIGH,MEDIUM,1,MEDIUM,1
9/19/2020 2:11,Se Ki Firbena,MEDIUM,rock,HIGH,MEDIUM,HIGH,MEDIUM,LOW,1,MEDIUM,4
9/19/2020 2:37,Mon Majhare,MEDIUM,pop,MEDIUM,MEDIUM,HIGH,HIGH,MEDIUM,0,HIGH,2
9/19/2020 2:39,Ore Shampanwala,SHORT,rock,HIGH,HIGH,MEDIUM,HIGH,MEDIUM,0,MEDIUM,2
9/19/2020 2:41,Tor Hoye Jete Chai,MEDIUM,rnb,HIGH,MEDIUM,MEDIUM,LOW,MEDIUM,0,LOW,2
9/19/2020 2:42,Shune ne,LONG,folk,LOW,MEDIUM,LOW,MEDIUM,HIGH,0,LOW,2
9/19/2020 2:43,Kon Gopone,SHORT,jazz,MEDIUM,HIGH,MEDIUM,LOW,MEDIUM,0,LOW,2
9/22/2020 0:35,Conclusion - Odyssey,MEDIUM,rock,MEDIUM,HIGH,MEDIUM,LOW,LOW,1,HIGH,4
9/22/2020 0:38,Bolte Bolte Cholte Cholte,SHORT,pop,MEDIUM,MEDIUM,LOW,HIGH,LOW,1,LOW,5
9/22/2020 0:39,Parbona,MEDIUM,pop,HIGH,MEDIUM,MEDIUM,MEDIUM,LOW,1,LOW,4
9/22/2020 0:40,Ghum - Odd Signature,MEDIUM,rnb,LOW,LOW,MEDIUM,LOW,LOW,0,MEDIUM,2
9/22/2020 0:40,Indalo - 1996,LONG,pop,MEDIUM,LOW,HIGH,HIGH,LOW,1,HIGH,2
9/22/2020 0:41,Tumi Amar-Jony,LONG,pop,HIGH,LOW,LOW,MEDIUM,LOW,0,LOW,3
9/22/2020 0:41,Avash,SHORT,jazz,MEDIUM,LOW,HIGH,HIGH,LOW,1,MEDIUM,5
9/22/2020 0:42,BANGLA FIVE,MEDIUM,rnb,HIGH,LOW,MEDIUM,MEDIUM,LOW,1,HIGH,3
9/22/2020 0:42,Amar Hiyar Majhe- Retouched,MEDIUM,folk,HIGH,MEDIUM,MEDIUM,HIGH,MEDIUM,1,MEDIUM,4
9/22/2020 0:42,Jontrona,LONG,folk,HIGH,HIGH,HIGH,HIGH,HIGH,0,HIGH,1
9/22/2020 0:43,Ekdin Matir Vitor Ghor Hobe-Baul,MEDIUM,folk,HIGH,MEDIUM,HIGH,LOW,MEDIUM,1,HIGH,5
9/22/2020 0:43,Indalo,SHORT,jazz,LOW,MEDIUM,MEDIUM,LOW,LOW,0,HIGH,2
9/22/2020 0:44,Ekhono,LONG,pop,LOW,MEDIUM,LOW,HIGH,LOW,0,HIGH,1
9/22/2020 0:45,Aj raate kono rupkotha nei,MEDIUM,folk,MEDIUM,LOW,HIGH,MEDIUM,LOW,1,MEDIUM,5
9/22/2020 0:46,Keno Piriti baraila re bondhu- Habib,MEDIUM,folk,HIGH,LOW,MEDIUM,LOW,LOW,1,MEDIUM,5
9/22/2020 0:46,PAPRI KENO BOJHENA,SHORT,pop,MEDIUM,MEDIUM,LOW,MEDIUM,LOW,1,LOW,2
9/22/2020 0:47,Ghorgari,LONG,rnb,MEDIUM,MEDIUM,HIGH,LOW,HIGH,1,MEDIUM,4
9/22/2020 0:47,Shudhu Tomar Jonno- Dhruba,LONG,jazz,MEDIUM,MEDIUM,LOW,LOW,MEDIUM,0,MEDIUM,3
9/22/2020 0:47,Ekta chele,LONG,folk,HIGH,LOW,HIGH,HIGH,MEDIUM,1,MEDIUM,3
9/22/2020 0:48,Meghomilon- Tanjib,MEDIUM,pop,LOW,MEDIUM,LOW,MEDIUM,LOW,0,LOW,2
9/22/2020 0:49,Recall - Ghum,MEDIUM,rnb,MEDIUM,LOW,MEDIUM,MEDIUM,LOW,1,MEDIUM,3
9/22/2020 0:49,Ami shunechi shedin tumi,MEDIUM,folk,HIGH,LOW,HIGH,MEDIUM,LOW,1,LOW,5
9/22/2020 0:50,Aami Ashbo Phirey,LONG,rock,HIGH,LOW,HIGH,HIGH,MEDIUM,1,HIGH,5
9/22/2020 0:51,Mojar Manush,SHORT,jazz,MEDIUM,LOW,HIGH,HIGH,MEDIUM,1,LOW,4
9/22/2020 0:51,Etota Valobashi- Recall,SHORT,rock,MEDIUM,MEDIUM,MEDIUM,HIGH,HIGH,1,MEDIUM,5
9/22/2020 0:52,Tomar jonno- Arnob,MEDIUM,rnb,MEDIUM,LOW,HIGH,LOW,MEDIUM,1,MEDIUM,4
9/22/2020 0:53,Tumi Ashbe Bolei,MEDIUM,jazz,MEDIUM,LOW,LOW,MEDIUM,MEDIUM,0,MEDIUM,2
9/22/2020 0:53,Khachar Pakhi,LONG,folk,MEDIUM,LOW,LOW,LOW,LOW,0,MEDIUM,2
9/22/2020 0:54,hariye Fela Bhalobasha- Habib,MEDIUM,pop,MEDIUM,MEDIUM,LOW,MEDIUM,LOW,0,MEDIUM,4
9/22/2020 0:54,Fuad Dui Duita girl friend,MEDIUM,rnb,MEDIUM,MEDIUM,LOW,HIGH,HIGH,0,HIGH,1
9/22/2020 0:55,Tomake,LONG,rock,HIGH,MEDIUM,HIGH,HIGH,HIGH,1,MEDIUM,5
9/22/2020 0:56,Amar Ekla Akash- Shreya,SHORT,jazz,HIGH,MEDIUM,HIGH,LOW,LOW,1,LOW,4
9/22/2020 0:56,Jadukor,MEDIUM,rock,HIGH,HIGH,HIGH,HIGH,HIGH,1,MEDIUM,5
9/22/2020 0:56,TRIBUTE to IDOLS,LONG,jazz,MEDIUM,MEDIUM,LOW,HIGH,MEDIUM,0,MEDIUM,1
9/22/2020 0:56,Khorkutar ek Basha Badhlam,MEDIUM,folk,MEDIUM,HIGH,MEDIUM,HIGH,MEDIUM,0,HIGH,1
9/22/2020 0:57,Jhoriye Dao,MEDIUM,rnb,LOW,MEDIUM,MEDIUM,HIGH,MEDIUM,1,MEDIUM,4
9/22/2020 0:57,Tumi ki amay ager moto valobasho,MEDIUM,jazz,MEDIUM,LOW,LOW,HIGH,LOW,1,MEDIUM,1
9/22/2020 0:58,She j boshe ache- Arnob,SHORT,rock,HIGH,MEDIUM,HIGH,HIGH,MEDIUM,1,MEDIUM,5
9/22/2020 0:59,Sokhi Bhabona Kahare Bole,SHORT,jazz,HIGH,MEDIUM,LOW,MEDIUM,LOW,1,LOW,4
9/22/2020 1:00,Hariye Jao- Arbovirus,LONG,rock,LOW,HIGH,HIGH,HIGH,HIGH,1,HIGH,5
9/22/2020 1:01,Jawl Phoring- Hemlock Society,SHORT,pop,HIGH,MEDIUM,MEDIUM,MEDIUM,LOW,0,MEDIUM,5
9/22/2020 1:02,Tomar kotha shunte,MEDIUM,rock,HIGH,MEDIUM,LOW,HIGH,MEDIUM,0,MEDIUM,2
9/22/2020 1:02,Age Jodi Jantam re Bondhu ,SHORT,folk,HIGH,HIGH,HIGH,MEDIUM,MEDIUM,1,HIGH,4
9/22/2020 1:02,Ekta gopon kotha,MEDIUM,pop,MEDIUM,MEDIUM,HIGH,MEDIUM,MEDIUM,1,MEDIUM,3
9/22/2020 1:03,Melay Jaire,MEDIUM,rnb,LOW,MEDIUM,MEDIUM,LOW,HIGH,1,MEDIUM,5
9/22/2020 1:03,Oniket Prantor,LONG,rock,HIGH,HIGH,HIGH,HIGH,HIGH,1,HIGH,5
9/22/2020 1:04,Se je boshe ase,MEDIUM,jazz,LOW,LOW,MEDIUM,LOW,MEDIUM,1,LOW,3
9/22/2020 1:04,Bondhu tor laiga re amar tonu jorojor,LONG,folk,HIGH,LOW,MEDIUM,MEDIUM,LOW,0,MEDIUM,2
9/22/2020 1:04,Tumi ki shara dibe,MEDIUM,pop,HIGH,HIGH,MEDIUM,MEDIUM,HIGH,1,HIGH,4
9/22/2020 1:05,Nikosh kalo ei adhare,MEDIUM,rnb,LOW,LOW,MEDIUM,LOW,LOW,1,LOW,4
9/22/2020 1:06,Bondhu Tomay- Chandrabindu,LONG,jazz,LOW,MEDIUM,MEDIUM,MEDIUM,HIGH,0,HIGH,1
9/22/2020 1:06,Majhe majhe tobu dekha pai,LONG,pop,LOW,LOW,MEDIUM,MEDIUM,LOW,1,LOW,2
9/22/2020 1:07,Coffe House,LONG,rnb,LOW,LOW,HIGH,LOW,MEDIUM,1,LOW,5
9/22/2020 1:07,Ei raat Tomar Amar,SHORT,jazz,MEDIUM,LOW,MEDIUM,MEDIUM,MEDIUM,0,LOW,3
9/22/2020 1:08,Purnota,LONG,pop,MEDIUM,LOW,MEDIUM,HIGH,MEDIUM,1,LOW,5
9/22/2020 1:09,Rupkotha,LONG,rnb,HIGH,MEDIUM,HIGH,HIGH,MEDIUM,1,LOW,5
9/22/2020 1:10,Dukkho bilash,LONG,rock,HIGH,HIGH,MEDIUM,HIGH,MEDIUM,1,MEDIUM,4
9/22/2020 1:10,Sritir Chera Pata-shunno,MEDIUM,rock,LOW,HIGH,HIGH,HIGH,HIGH,0,MEDIUM,4
9/22/2020 1:10,Gaibona,MEDIUM,rnb,MEDIUM,MEDIUM,LOW,MEDIUM,MEDIUM,1,MEDIUM,3
9/22/2020 1:11,Pagla Hawa By James,SHORT,pop,LOW,HIGH,HIGH,MEDIUM,HIGH,1,HIGH,4
9/22/2020 1:12,Dil ki doya,MEDIUM,folk,MEDIUM,MEDIUM,HIGH,HIGH,HIGH,1,MEDIUM,5
9/22/2020 1:12,Ekhon Onek Raat,SHORT,jazz,HIGH,MEDIUM,LOW,MEDIUM,LOW,1,LOW,3
9/22/2020 1:13,Ei mon jochonay,MEDIUM,rnb,LOW,HIGH,LOW,MEDIUM,MEDIUM,0,LOW,1
9/22/2020 1:14,Koi Roila Re Bondhu,MEDIUM,folk,HIGH,MEDIUM,HIGH,HIGH,MEDIUM,1,LOW,5
9/22/2020 1:14,Deho Ghori Kun Faya Kun,SHORT,folk,HIGH,MEDIUM,HIGH,HIGH,MEDIUM,1,LOW,4
9/22/2020 1:15,Hridoyer Kotha- Habib & Nancy,MEDIUM,jazz,MEDIUM,MEDIUM,HIGH,MEDIUM,MEDIUM,1,HIGH,3
9/22/2020 1:15,TAARAI TAARAI,MEDIUM,rock,HIGH,HIGH,HIGH,HIGH,HIGH,1,HIGH,5
9/22/2020 1:16,Nemesis- Kobe,MEDIUM,rock,LOW,HIGH,HIGH,HIGH,HIGH,1,HIGH,5
9/22/2020 1:16,Ei amar shohor,SHORT,rnb,LOW,LOW,LOW,MEDIUM,LOW,0,LOW,1
9/22/2020 1:16,jhoom,MEDIUM,pop,MEDIUM,MEDIUM,MEDIUM,MEDIUM,MEDIUM,1,MEDIUM,4
9/22/2020 1:17,valobasha tarpor by Arnob,MEDIUM,pop,HIGH,MEDIUM,LOW,MEDIUM,LOW,1,LOW,3
9/22/2020 1:18,Ornob-Hok Kolorob,SHORT,jazz,MEDIUM,MEDIUM,HIGH,HIGH,MEDIUM,1,MEDIUM,3
9/22/2020 1:19,E Tumi Kemon Tumi,SHORT,jazz,MEDIUM,MEDIUM,MEDIUM,LOW,LOW,0,MEDIUM,2
9/22/2020 1:19,Ei amar shohor,SHORT,rock,MEDIUM,LOW,LOW,MEDIUM,LOW,0,LOW,1
9/22/2020 1:20,Ek Akasher Tara- Ayub Bacchu,MEDIUM,pop,LOW,LOW,HIGH,LOW,HIGH,1,HIGH,4
9/22/2020 1:21,Majhi Re-Bong,MEDIUM,jazz,LOW,LOW,LOW,MEDIUM,LOW,0,MEDIUM,1
9/22/2020 1:22,Nitol Payer Rinik Jhinik Payel Khani baje,MEDIUM,pop,MEDIUM,MEDIUM,LOW,MEDIUM,MEDIUM,1,MEDIUM,4
9/22/2020 1:23,Uthche Jege Shokalgulo,SHORT,pop,MEDIUM,LOW,MEDIUM,LOW,LOW,0,LOW,2
9/22/2020 1:23,O amar shoki,MEDIUM,rnb,LOW,HIGH,LOW,LOW,LOW,0,MEDIUM,1
9/22/2020 1:24,Amar Poth CholaAmar Poth Chola,LONG,pop,HIGH,HIGH,MEDIUM,HIGH,MEDIUM,0,MEDIUM,2
9/22/2020 1:24,Moner Janala Dhore-Srikanta,SHORT,folk,HIGH,MEDIUM,LOW,HIGH,LOW,1,LOW,4
9/22/2020 1:28,Doob Habib,MEDIUM,rnb,MEDIUM,HIGH,MEDIUM,LOW,LOW,0,MEDIUM,3
9/22/2020 1:28,Srotoshinni,MEDIUM,jazz,LOW,MEDIUM,LOW,LOW,LOW,0,LOW,1
9/22/2020 1:29,Indalo - Obosheshe,MEDIUM,pop,LOW,LOW,LOW,MEDIUM,LOW,0,LOW,2
9/22/2020 1:29,Matir o Pinjirar Majhe,LONG,folk,MEDIUM,LOW,HIGH,MEDIUM,MEDIUM,1,HIGH,5
9/22/2020 1:30,Na Pawar Golpo,MEDIUM,jazz,MEDIUM,MEDIUM,LOW,MEDIUM,MEDIUM,0,MEDIUM,1
9/22/2020 1:30,Saiyan,SHORT,rnb,LOW,HIGH,LOW,LOW,MEDIUM,0,MEDIUM,1
9/22/2020 1:30,Nam chara gan,SHORT,folk,LOW,LOW,LOW,MEDIUM,LOW,0,LOW,1
9/22/2020 1:31,Tumi Kemon Kore Gaan Koro,SHORT,jazz,MEDIUM,LOW,LOW,MEDIUM,LOW,0,MEDIUM,2
9/22/2020 1:31,Ashomapto,MEDIUM,jazz,MEDIUM,MEDIUM,LOW,MEDIUM,MEDIUM,1,LOW,3
9/22/2020 1:32,Ami Tomakei Bole Debo,MEDIUM,pop,MEDIUM,MEDIUM,HIGH,MEDIUM,LOW,1,MEDIUM,5
9/22/2020 1:32,minerva,LONG,rnb,LOW,LOW,MEDIUM,LOW,LOW,0,MEDIUM,4
9/22/2020 1:33,Tomake Vebe Lekha- Shanto ft Fuad,MEDIUM,rock,MEDIUM,MEDIUM,HIGH,HIGH,HIGH,1,MEDIUM,5
9/22/2020 1:33,Mon boshena ,SHORT,jazz,LOW,MEDIUM,LOW,LOW,MEDIUM,0,LOW,1
9/22/2020 1:34,Loke bole,MEDIUM,folk,MEDIUM,LOW,HIGH,LOW,MEDIUM,1,HIGH,5
9/22/2020 1:34,keno ,MEDIUM,jazz,LOW,LOW,LOW,MEDIUM,MEDIUM,0,LOW,4
9/22/2020 1:35,Tumi Robe Nirobe,SHORT,jazz,HIGH,LOW,MEDIUM,MEDIUM,LOW,1,LOW,4
9/22/2020 1:35,opekkha,MEDIUM,rnb,MEDIUM,LOW,HIGH,LOW,LOW,1,MEDIUM,4
9/22/2020 1:36,Sesh Gaan- Aurthohin,MEDIUM,rock,HIGH,HIGH,HIGH,HIGH,HIGH,0,HIGH,4
9/22/2020 1:36,Obosh Onuvutir Deyal,LONG,folk,LOW,HIGH,MEDIUM,HIGH,MEDIUM,1,LOW,5
9/22/2020 1:37,Choker Nojor Amni koira ,MEDIUM,pop,MEDIUM,HIGH,LOW,MEDIUM,MEDIUM,0,MEDIUM,4
9/22/2020 1:38,Bangladesh- James,LONG,rock,LOW,HIGH,HIGH,MEDIUM,MEDIUM,1,HIGH,5
9/22/2020 1:39,Bhatiali -kano kene mon pagla re,LONG,folk,HIGH,LOW,MEDIUM,MEDIUM,LOW,0,MEDIUM,3
9/22/2020 1:42,Akash Vora Tara,SHORT,folk,MEDIUM,LOW,LOW,MEDIUM,LOW,1,LOW,3
9/22/2020 1:43,Amar shotto karnival,SHORT,rock,LOW,MEDIUM,LOW,LOW,MEDIUM,0,LOW,4
9/22/2020 1:43,super hit,SHORT,jazz,LOW,HIGH,MEDIUM,LOW,MEDIUM,0,HIGH,1
9/22/2020 1:43,odhora,LONG,pop,MEDIUM,HIGH,LOW,HIGH,MEDIUM,1,HIGH,4
9/22/2020 1:44,HARIYE JAO,LONG,rnb,MEDIUM,HIGH,LOW,HIGH,HIGH,0,HIGH,4
9/22/2020 1:45,Ami baro Mash tomay valobashi,MEDIUM,rnb,LOW,MEDIUM,MEDIUM,MEDIUM,HIGH,1,MEDIUM,1
9/22/2020 1:45,jaatra,LONG,pop,HIGH,HIGH,HIGH,HIGH,MEDIUM,0,HIGH,1
9/22/2020 1:45,Eka Ekela Mon,MEDIUM,rnb,HIGH,MEDIUM,LOW,MEDIUM,LOW,0,LOW,2
9/22/2020 1:46,Attoshorgo,LONG,pop,HIGH,MEDIUM,LOW,MEDIUM,HIGH,1,MEDIUM,4
9/22/2020 1:46,Bodhua Amar Chokhe jol Eneche,MEDIUM,folk,HIGH,LOW,MEDIUM,LOW,LOW,0,MEDIUM,4
9/22/2020 1:47,Taray Taray-James,MEDIUM,pop,LOW,MEDIUM,HIGH,MEDIUM,MEDIUM,0,MEDIUM,4
9/22/2020 1:47,Mayabono Biharini ,SHORT,folk,LOW,MEDIUM,LOW,MEDIUM,MEDIUM,1,LOW,3
9/22/2020 1:48,Pothe Pothe Cholte Cholte,MEDIUM,jazz,HIGH,LOW,LOW,HIGH,LOW,0,LOW,1
9/22/2020 1:50,Joto dure,LONG,jazz,LOW,MEDIUM,LOW,MEDIUM,LOW,0,LOW,2
9/22/2020 1:51,Kobe,MEDIUM,rnb,MEDIUM,LOW,HIGH,HIGH,MEDIUM,1,LOW,5
9/22/2020 2:00,Epitaph,MEDIUM,jazz,MEDIUM,LOW,MEDIUM,HIGH,LOW,0,LOW,1
9/22/2020 2:02,Aaj raate kono rupkotha nei,MEDIUM,rnb,LOW,MEDIUM,LOW,MEDIUM,LOW,1,MEDIUM,3
9/22/2020 2:07,Amar tumi,MEDIUM,pop,HIGH,MEDIUM,MEDIUM,LOW,MEDIUM,0,HIGH,1
9/22/2020 2:08,Tomake Chai,SHORT,jazz,MEDIUM,HIGH,LOW,HIGH,HIGH,0,HIGH,2
9/22/2020 2:08,Charbona,SHORT,rnb,MEDIUM,LOW,MEDIUM,MEDIUM,HIGH,0,HIGH,2
9/22/2020 2:08,Amar Ei Poth Cholatei Anondo,SHORT,folk,HIGH,LOW,MEDIUM,MEDIUM,LOW,1,MEDIUM,4
9/22/2020 2:09,Ki jani,MEDIUM,rock,MEDIUM,LOW,MEDIUM,LOW,MEDIUM,0,MEDIUM,3
9/22/2020 2:09,Boro Asha,LONG,jazz,HIGH,MEDIUM,MEDIUM,MEDIUM,LOW,0,LOW,2
9/22/2020 2:09,Tomake Bolar Cchilo,SHORT,jazz,MEDIUM,MEDIUM,LOW,MEDIUM,LOW,0,LOW,2
9/22/2020 2:11,Jibon Amar,MEDIUM,rock,MEDIUM,HIGH,HIGH,MEDIUM,LOW,0,MEDIUM,2
9/22/2020 2:11,Ruper oi pradeep jele,SHORT,folk,HIGH,MEDIUM,LOW,MEDIUM,LOW,0,MEDIUM,1
9/22/2020 2:12,Amar Prithibi,MEDIUM,folk,HIGH,LOW,HIGH,LOW,MEDIUM,0,LOW,2
9/22/2020 2:12,Tomar Kache Bristi Din,MEDIUM,folk,MEDIUM,LOW,LOW,LOW,LOW,0,LOW,1
9/22/2020 2:12,Amar jibon,SHORT,rock,HIGH,MEDIUM,HIGH,MEDIUM,HIGH,0,HIGH,2
9/22/2020 2:13,Tumi Robe Nirobe- Srikanta,SHORT,folk,HIGH,MEDIUM,MEDIUM,MEDIUM,LOW,1,LOW,5
9/22/2020 2:13,Sarata Din,MEDIUM,rock,MEDIUM,HIGH,MEDIUM,HIGH,MEDIUM,0,LOW,2
9/22/2020 2:13,Brishti Paye Paye ,MEDIUM,jazz,MEDIUM,MEDIUM,LOW,MEDIUM,LOW,0,LOW,1
9/22/2020 2:14,Bedona,SHORT,folk,LOW,MEDIUM,LOW,MEDIUM,LOW,0,MEDIUM,4
9/22/2020 2:14,Hridoy Amar,LONG,folk,MEDIUM,HIGH,MEDIUM,HIGH,MEDIUM,0,LOW,3
9/22/2020 2:14,AB- Shei Tara Vora Raate,MEDIUM,rock,LOW,HIGH,HIGH,HIGH,HIGH,1,MEDIUM,3
9/22/2020 2:15,Tomar Amar Prem,SHORT,jazz,HIGH,LOW,MEDIUM,HIGH,MEDIUM,0,LOW,2
9/22/2020 2:15,Bangladesh,LONG,folk,LOW,MEDIUM,MEDIUM,LOW,MEDIUM,1,LOW,4
9/22/2020 2:15,Janina,SHORT,jazz,HIGH,MEDIUM,HIGH,MEDIUM,HIGH,0,MEDIUM,2
9/22/2020 2:15,Ekbar Jodi keu Valobashto,MEDIUM,pop,MEDIUM,LOW,MEDIUM,MEDIUM,LOW,0,LOW,1
9/22/2020 2:15,Amar Prem,LONG,folk,LOW,LOW,MEDIUM,MEDIUM,HIGH,0,MEDIUM,2
9/22/2020 2:16,Akhono,SHORT,pop,HIGH,HIGH,MEDIUM,HIGH,LOW,1,HIGH,4
9/22/2020 2:16,Bondho janala,MEDIUM,folk,MEDIUM,LOW,MEDIUM,LOW,HIGH,0,HIGH,5
9/22/2020 2:16,Firbena,MEDIUM,folk,MEDIUM,HIGH,MEDIUM,HIGH,LOW,0,MEDIUM,3
9/22/2020 2:17,Acid ke,MEDIUM,rock,MEDIUM,HIGH,LOW,MEDIUM,LOW,0,MEDIUM,4
9/22/2020 2:17,Srabon Megh,MEDIUM,pop,MEDIUM,LOW,MEDIUM,MEDIUM,MEDIUM,0,MEDIUM,2
9/22/2020 2:17,Na bola phul,MEDIUM,folk,HIGH,MEDIUM,HIGH,MEDIUM,MEDIUM,1,MEDIUM,3
9/22/2020 2:19,Hok kolorob,SHORT,folk,LOW,MEDIUM,LOW,HIGH,HIGH,1,HIGH,5
9/22/2020 2:19,Jibon Amar,MEDIUM,rock,MEDIUM,LOW,LOW,MEDIUM,HIGH,0,HIGH,2
9/22/2020 2:19,O Amar,LONG,jazz,MEDIUM,LOW,HIGH,MEDIUM,LOW,1,MEDIUM,3
9/22/2020 2:19,Rater o akashe,SHORT,jazz,MEDIUM,MEDIUM,MEDIUM,LOW,LOW,0,LOW,2
9/22/2020 2:19,Nirakar,SHORT,folk,HIGH,HIGH,HIGH,MEDIUM,HIGH,0,HIGH,4
9/22/2020 2:20,Tara nei,MEDIUM,pop,HIGH,MEDIUM,MEDIUM,MEDIUM,LOW,1,MEDIUM,3
9/22/2020 2:20,Ek Paye Nupur Amar,LONG,rnb,LOW,LOW,LOW,MEDIUM,LOW,1,LOW,4
9/22/2020 2:20,MA,SHORT,jazz,MEDIUM,LOW,MEDIUM,LOW,LOW,1,MEDIUM,4
9/22/2020 2:21,Jogonnather Adda,MEDIUM,jazz,HIGH,MEDIUM,LOW,MEDIUM,LOW,1,MEDIUM,2
9/22/2020 2:21,Moner Manush,LONG,folk,HIGH,MEDIUM,HIGH,HIGH,MEDIUM,1,LOW,5
9/22/2020 2:22,Ekaki Govir Rate - Asif,MEDIUM,pop,MEDIUM,HIGH,LOW,MEDIUM,MEDIUM,0,MEDIUM,2
9/22/2020 2:22,Aamay Bhashaili Rey,LONG,folk,HIGH,LOW,HIGH,HIGH,MEDIUM,1,LOW,5
9/22/2020 2:23,Jawq pakhi bolo tare,SHORT,folk,LOW,LOW,HIGH,LOW,MEDIUM,1,LOW,4
9/22/2020 2:23,jhora pata ra ure jay-habib,MEDIUM,rnb,MEDIUM,HIGH,LOW,HIGH,MEDIUM,1,MEDIUM,1
9/22/2020 2:23,Moho,SHORT,jazz,MEDIUM,MEDIUM,LOW,LOW,MEDIUM,0,MEDIUM,1
9/22/2020 2:24,Amar Nam,LONG,jazz,MEDIUM,LOW,MEDIUM,HIGH,MEDIUM,1,MEDIUM,4
9/22/2020 2:24,Bondhu tomar Chokher Majhe,SHORT,folk,HIGH,MEDIUM,MEDIUM,HIGH,HIGH,0,MEDIUM,4
9/22/2020 2:24,maya cycle,MEDIUM,rnb,MEDIUM,LOW,MEDIUM,MEDIUM,LOW,0,LOW,5
9/22/2020 2:24,Ki nam,LONG,jazz,HIGH,MEDIUM,LOW,HIGH,MEDIUM,1,MEDIUM,2
9/22/2020 2:25,Hatte Hatte - Krishnokoli,MEDIUM,folk,HIGH,MEDIUM,HIGH,HIGH,MEDIUM,0,LOW,5
9/22/2020 2:25,Tumi O Amar,MEDIUM,rock,MEDIUM,HIGH,MEDIUM,HIGH,MEDIUM,1,MEDIUM,4
9/22/2020 2:25,mohomokto,MEDIUM,folk,MEDIUM,LOW,HIGH,HIGH,MEDIUM,1,LOW,3
9/22/2020 2:25,Eka Ami,LONG,folk,LOW,MEDIUM,LOW,LOW,MEDIUM,1,HIGH,4
9/22/2020 2:25,Krishno Kola,SHORT,pop,HIGH,LOW,MEDIUM,MEDIUM,LOW,0,MEDIUM,4
9/22/2020 2:26,Dekha holo,LONG,jazz,MEDIUM,HIGH,LOW,HIGH,HIGH,1,HIGH,3
9/22/2020 2:26,Ki kore,MEDIUM,rock,MEDIUM,LOW,MEDIUM,LOW,MEDIUM,1,LOW,4
9/22/2020 2:26,Moner mill,SHORT,folk,LOW,LOW,MEDIUM,LOW,LOW,0,LOW,1
9/22/2020 2:26,O pran,MEDIUM,rock,MEDIUM,HIGH,MEDIUM,HIGH,LOW,1,HIGH,4
9/22/2020 2:26,Ekta chele -Shahnaj ,SHORT,jazz,HIGH,MEDIUM,HIGH,HIGH,MEDIUM,1,LOW,5
9/22/2020 2:27,O pranshojoni,MEDIUM,folk,MEDIUM,HIGH,HIGH,MEDIUM,LOW,0,LOW,3
9/22/2020 2:27,Ure jai,LONG,pop,MEDIUM,MEDIUM,LOW,MEDIUM,MEDIUM,0,HIGH,4
9/22/2020 2:27,Jao Harao,MEDIUM,jazz,MEDIUM,LOW,LOW,MEDIUM,MEDIUM,0,LOW,2
9/22/2020 2:27,Mon pakhi,MEDIUM,pop,HIGH,MEDIUM,LOW,MEDIUM,LOW,1,MEDIUM,3
9/22/2020 2:28,Bhalobashi Tai Bhalobeshe Jai,SHORT,rnb,MEDIUM,LOW,HIGH,LOW,MEDIUM,1,LOW,4
9/22/2020 2:28,O meye,MEDIUM,rock,MEDIUM,MEDIUM,HIGH,LOW,LOW,1,MEDIUM,5
9/22/2020 2:28,seisob valolaga,SHORT,jazz,HIGH,HIGH,HIGH,MEDIUM,HIGH,0,HIGH,2
9/22/2020 2:28,Fagun er mohonay- Vumi,SHORT,folk,LOW,HIGH,HIGH,HIGH,HIGH,1,HIGH,5
9/22/2020 2:28,Janina,LONG,jazz,HIGH,MEDIUM,LOW,LOW,MEDIUM,1,LOW,4
9/22/2020 2:29,Pran Amar,MEDIUM,pop,HIGH,MEDIUM,LOW,MEDIUM,LOW,0,MEDIUM,1
9/22/2020 2:29,Amar Nam,MEDIUM,pop,LOW,LOW,MEDIUM,HIGH,HIGH,1,MEDIUM,4
9/22/2020 2:29,Diratri,SHORT,folk,LOW,LOW,MEDIUM,LOW,MEDIUM,1,LOW,5
9/22/2020 2:29,Ki nam amr,SHORT,rnb,MEDIUM,HIGH,MEDIUM,HIGH,MEDIUM,1,HIGH,4
9/22/2020 2:29,Fagun Haway Haway,SHORT,folk,MEDIUM,LOW,LOW,MEDIUM,LOW,1,LOW,2
9/22/2020 2:30,O rani,LONG,folk,LOW,MEDIUM,MEDIUM,HIGH,MEDIUM,1,HIGH,3
9/22/2020 2:30,Ashona,MEDIUM,rock,HIGH,HIGH,MEDIUM,HIGH,HIGH,1,MEDIUM,4
9/22/2020 2:30,Ki Amar Nam,SHORT,jazz,MEDIUM,MEDIUM,LOW,MEDIUM,LOW,0,LOW,5
9/22/2020 2:30,Deho ghori,SHORT,folk,LOW,LOW,MEDIUM,LOW,LOW,0,LOW,2
9/22/2020 2:31,Likhe rakhi,MEDIUM,folk,HIGH,MEDIUM,LOW,MEDIUM,MEDIUM,1,LOW,5
9/22/2020 2:31,Ekta gopon kotha - Topu,MEDIUM,pop,HIGH,MEDIUM,HIGH,LOW,MEDIUM,1,LOW,4
9/22/2020 2:31,HAAIREY MANUSH,LONG,rnb,HIGH,MEDIUM,HIGH,MEDIUM,HIGH,1,MEDIUM,3
9/22/2020 2:31,Srabon megh,MEDIUM,rock,MEDIUM,LOW,HIGH,MEDIUM,LOW,1,LOW,5
9/22/2020 2:32,Khali jibon,MEDIUM,rnb,MEDIUM,MEDIUM,MEDIUM,HIGH,MEDIUM,1,HIGH,1
9/22/2020 2:32,Title-101,SHORT,pop,MEDIUM,LOW,LOW,LOW,LOW,0,LOW,1
9/22/2020 2:32,O Ferari,LONG,folk,LOW,MEDIUM,HIGH,MEDIUM,HIGH,0,MEDIUM,3
9/22/2020 2:33,Koi jabo,MEDIUM,rock,HIGH,MEDIUM,LOW,LOW,HIGH,1,HIGH,5
9/22/2020 2:33,Ki nam dibo,MEDIUM,folk,HIGH,MEDIUM,HIGH,LOW,LOW,1,LOW,4
9/22/2020 2:34,Tor moton ar keu valobashena,SHORT,jazz,MEDIUM,LOW,LOW,LOW,MEDIUM,1,MEDIUM,2
9/22/2020 2:34,Lal jhuti,SHORT,jazz,MEDIUM,LOW,LOW,MEDIUM,MEDIUM,1,HIGH,4
9/22/2020 2:34,bondhu,LONG,jazz,HIGH,LOW,MEDIUM,LOW,HIGH,1,HIGH,3
9/22/2020 2:35,Hayre,MEDIUM,pop,MEDIUM,LOW,LOW,HIGH,MEDIUM,1,MEDIUM,5
9/22/2020 2:35,Ashbena,LONG,jazz,HIGH,HIGH,MEDIUM,LOW,MEDIUM,1,HIGH,4
9/22/2020 2:36,O amar bondhu go,MEDIUM,jazz,MEDIUM,MEDIUM,LOW,MEDIUM,MEDIUM,0,HIGH,2
9/22/2020 2:36,ki kore ami bolbo,MEDIUM,folk,LOW,LOW,HIGH,MEDIUM,MEDIUM,1,MEDIUM,4
9/22/2020 2:37,Bondhu re tumi Pashe nai,MEDIUM,folk,MEDIUM,MEDIUM,HIGH,MEDIUM,MEDIUM,0,HIGH,4
9/22/2020 2:37,Sweety tumi ar kedo na ,LONG,pop,HIGH,MEDIUM,LOW,LOW,LOW,0,LOW,1
9/22/2020 2:38,Taalpatar Shepai,MEDIUM,folk,MEDIUM,LOW,LOW,LOW,MEDIUM,0,MEDIUM,1
9/22/2020 2:39,Ghore Boshe,MEDIUM,pop,MEDIUM,HIGH,MEDIUM,HIGH,MEDIUM,1,HIGH,5
9/22/2020 2:39,sudhu tomake chai,LONG,folk,LOW,LOW,LOW,MEDIUM,LOW,1,LOW,4
9/22/2020 2:40,Dhore na ,LONG,rock,HIGH,HIGH,MEDIUM,HIGH,MEDIUM,1,HIGH,4
9/22/2020 2:40,R kedo na,MEDIUM,folk,HIGH,MEDIUM,LOW,MEDIUM,HIGH,1,LOW,5
9/22/2020 2:41,Firiye dao-Miles,MEDIUM,rock,LOW,HIGH,HIGH,MEDIUM,HIGH,1,MEDIUM,5
9/22/2020 2:41,Bujho na,MEDIUM,pop,LOW,MEDIUM,LOW,MEDIUM,HIGH,1,MEDIUM,5
9/22/2020 2:41,Ki r hobe,LONG,folk,LOW,MEDIUM,LOW,HIGH,MEDIUM,0,MEDIUM,3
9/22/2020 2:41,kanna ,MEDIUM,jazz,MEDIUM,LOW,MEDIUM,HIGH,MEDIUM,1,HIGH,4
9/22/2020 2:41,Baranday Roddur-Bhoomi,MEDIUM,jazz,LOW,MEDIUM,LOW,MEDIUM,HIGH,0,LOW,3
9/22/2020 2:42,Amar Nam Anjona Shikarir Jati,LONG,folk,LOW,LOW,MEDIUM,MEDIUM,MEDIUM,1,LOW,4
9/22/2020 2:42,Swapno Diye Ghera,MEDIUM,folk,LOW,MEDIUM,LOW,MEDIUM,LOW,1,LOW,3
9/22/2020 2:43,Kanamachi,LONG,folk,HIGH,MEDIUM,LOW,HIGH,MEDIUM,0,LOW,3
9/22/2020 2:43,Tumi J Amar Kobita,SHORT,jazz,LOW,MEDIUM,HIGH,LOW,MEDIUM,0,LOW,1
9/22/2020 2:43,Amar E Gaan Tumi Shunbe,MEDIUM,rnb,MEDIUM,MEDIUM,HIGH,LOW,MEDIUM,1,LOW,5
9/22/2020 2:43,Karar Oi Louho Kopat,MEDIUM,folk,LOW,HIGH,HIGH,LOW,HIGH,1,MEDIUM,5
9/22/2020 2:44, Ekti Chotto Aasha,LONG,jazz,MEDIUM,HIGH,HIGH,MEDIUM,HIGH,1,MEDIUM,5
9/22/2020 2:44,Aaj Noi Kal Kal Noi Porshu,SHORT,pop,LOW,MEDIUM,LOW,HIGH,LOW,0,LOW,4
9/22/2020 2:44,"K bashi Bajay re- Anila, Fuad",MEDIUM,jazz,HIGH,MEDIUM,HIGH,MEDIUM,MEDIUM,1,LOW,4
9/22/2020 2:45,Dhire ,SHORT,pop,HIGH,MEDIUM,HIGH,HIGH,MEDIUM,1,MEDIUM,4
9/22/2020 2:45,O Nagini Sapini Gorobini Mayabini,MEDIUM,folk,HIGH,MEDIUM,MEDIUM,HIGH,HIGH,1,MEDIUM,3
9/22/2020 2:45,Amar Ei Shohor - @18 all time dour,MEDIUM,jazz,MEDIUM,HIGH,HIGH,MEDIUM,MEDIUM,1,LOW,4
9/22/2020 2:45,Jibon eto,LONG,folk,HIGH,HIGH,MEDIUM,MEDIUM,HIGH,1,HIGH,5
9/22/2020 2:45,Aloor Ganey Bobun,LONG,folk,HIGH,HIGH,HIGH,HIGH,HIGH,0,HIGH,4
9/22/2020 2:46,Keo na januk,LONG,rock,HIGH,MEDIUM,LOW,MEDIUM,MEDIUM,0,LOW,3
9/22/2020 2:46,Mori Hi Re Hai O Mori Hai Hai Hai,MEDIUM,folk,MEDIUM,HIGH,HIGH,MEDIUM,HIGH,1,HIGH,5
9/22/2020 2:46,O amar,LONG,folk,HIGH,MEDIUM,MEDIUM,HIGH,MEDIUM,1,HIGH,4
9/22/2020 2:46,Bhabi Tumar Pathshalatey,SHORT,jazz,MEDIUM,HIGH,MEDIUM,HIGH,MEDIUM,0,HIGH,2
9/22/2020 2:47,Valo Achi Valo Theko,SHORT,folk,HIGH,MEDIUM,LOW,LOW,MEDIUM,1,LOW,5
9/22/2020 2:47,Shathi,LONG,rock,MEDIUM,HIGH,MEDIUM,LOW,MEDIUM,1,HIGH,3
9/22/2020 2:47,Arhal Kore Paliye Geley,LONG,folk,MEDIUM,HIGH,LOW,HIGH,MEDIUM,1,MEDIUM,4
9/22/2020 2:47,Mora Ekti ful,SHORT,pop,HIGH,MEDIUM,HIGH,MEDIUM,LOW,0,LOW,2
9/22/2020 2:48,Judho,LONG,folk,MEDIUM,HIGH,MEDIUM,LOW,MEDIUM,1,LOW,5
9/22/2020 2:48,Aaloor Gaaney Bhuban Bharechey,SHORT,rnb,LOW,HIGH,MEDIUM,HIGH,LOW,1,HIGH,5
9/22/2020 2:48, Rini Jhini Konkono Bajego,SHORT,pop,HIGH,HIGH,MEDIUM,LOW,HIGH,0,MEDIUM,1
9/22/2020 2:48,Ki R ache ,MEDIUM,rnb,MEDIUM,LOW,MEDIUM,HIGH,HIGH,1,MEDIUM,4
9/22/2020 2:48,Dekhechi Rupshagore- Anirban,MEDIUM,folk,HIGH,MEDIUM,HIGH,MEDIUM,HIGH,0,LOW,5
9/22/2020 2:49,Kolpona,MEDIUM,rock,LOW,MEDIUM,LOW,MEDIUM,LOW,0,MEDIUM,2
9/22/2020 2:49,Chuiona Chuiona Mori Je Shoromay,MEDIUM,pop,HIGH,MEDIUM,HIGH,LOW,HIGH,1,LOW,4
9/22/2020 2:49,Jiboner Eto Gulo Din,MEDIUM,jazz,MEDIUM,LOW,LOW,MEDIUM,LOW,0,LOW,1
9/22/2020 2:49,Tomay Rakhbo,LONG,folk,LOW,MEDIUM,LOW,MEDIUM,LOW,1,MEDIUM,4
9/22/2020 2:50,SONALI AKASH Mora Aar Jonome,SHORT,jazz,HIGH,LOW,HIGH,MEDIUM,HIGH,1,HIGH,5
9/22/2020 2:50,Hobina amr,LONG,folk,HIGH,LOW,LOW,MEDIUM,MEDIUM,1,LOW,5
9/22/2020 2:50,Ekti jibon,MEDIUM,rock,HIGH,HIGH,MEDIUM,HIGH,MEDIUM,1,LOW,4
9/22/2020 2:51,Kather putul,MEDIUM,pop,MEDIUM,MEDIUM,LOW,MEDIUM,MEDIUM,1,HIGH,4
9/22/2020 2:51,Ebong ami,LONG,folk,HIGH,LOW,LOW,MEDIUM,HIGH,0,HIGH,2
9/22/2020 2:51,Lolona,LONG,jazz,HIGH,LOW,MEDIUM,LOW,MEDIUM,0,LOW,3
9/22/2020 2:52,Oliro kotha shune- hemanto,SHORT,jazz,MEDIUM,LOW,LOW,HIGH,LOW,0,MEDIUM,1
9/22/2020 2:52,Nayono Tumare Khuje Bareybarey,LONG,rock,HIGH,MEDIUM,LOW,HIGH,LOW,0,MEDIUM,1
9/22/2020 2:52,Bangladresh,LONG,rock,LOW,MEDIUM,HIGH,MEDIUM,HIGH,1,LOW,5
9/22/2020 2:52,Shudhu Gaan Geye Porichoy,LONG,rnb,MEDIUM,LOW,MEDIUM,HIGH,HIGH,1,MEDIUM,4
9/22/2020 2:52,Srabon megher din,LONG,folk,HIGH,HIGH,HIGH,MEDIUM,HIGH,0,MEDIUM,3
9/22/2020 2:53,Dure j Chile valoi Chile,MEDIUM,jazz,HIGH,HIGH,LOW,MEDIUM,MEDIUM,0,HIGH,3
9/22/2020 2:53,Mon ta kore uru uru,SHORT,rnb,MEDIUM,HIGH,MEDIUM,LOW,MEDIUM,1,HIGH,4
9/22/2020 2:53,Prem Bazare Chai Je Aamar Mon Jaite,MEDIUM,jazz,HIGH,HIGH,LOW,MEDIUM,HIGH,1,HIGH,3
9/22/2020 2:53,Ki nam dibo,MEDIUM,rock,MEDIUM,MEDIUM,HIGH,LOW,MEDIUM,0,HIGH,3
9/22/2020 2:54,Purono Shei diner Kotha,MEDIUM,folk,HIGH,MEDIUM,HIGH,MEDIUM,LOW,1,MEDIUM,5
9/22/2020 2:54,Jeebonta Hoi Jodi,SHORT,pop,LOW,LOW,MEDIUM,LOW,HIGH,1,LOW,5
9/22/2020 2:55,Valobashbo re -Habib,MEDIUM,folk,HIGH,LOW,HIGH,MEDIUM,HIGH,1,MEDIUM,4
9/22/2020 2:55,Amar Pran Kande O Amar Mon,LONG,folk,HIGH,MEDIUM,LOW,HIGH,LOW,0,MEDIUM,4
9/22/2020 2:55,Nithuya Pathare- Monpura,SHORT,folk,HIGH,HIGH,HIGH,LOW,HIGH,1,HIGH,5
9/22/2020 2:56,O re nil,MEDIUM,rock,MEDIUM,HIGH,MEDIUM,HIGH,MEDIUM,1,HIGH,4
9/22/2020 2:56,Monero Ronge Rangabu,SHORT,jazz,MEDIUM,HIGH,LOW,MEDIUM,HIGH,1,HIGH,4
9/22/2020 2:56,Ami ar ashbona,LONG,folk,HIGH,HIGH,MEDIUM,HIGH,MEDIUM,0,HIGH,1
9/22/2020 2:56,Bokul ful- Chanchal,MEDIUM,folk,MEDIUM,MEDIUM,LOW,LOW,MEDIUM,0,HIGH,5
9/22/2020 2:57,Gitimoy Ei Din Sei Din,MEDIUM,jazz,MEDIUM,HIGH,HIGH,HIGH,MEDIUM,0,HIGH,1
9/22/2020 2:57, Agami shishu,MEDIUM,jazz,MEDIUM,HIGH,HIGH,MEDIUM,MEDIUM,0,HIGH,3
9/22/2020 2:58,Ami Ek Paharadar Shaddho,LONG,rock,HIGH,MEDIUM,HIGH,MEDIUM,LOW,1,LOW,5
9/22/2020 2:58,Preme Pora baron,SHORT,jazz,HIGH,MEDIUM,HIGH,LOW,HIGH,1,HIGH,4
9/22/2020 3:00,Amake amar moto thakte dao,MEDIUM,pop,HIGH,HIGH,HIGH,MEDIUM,MEDIUM,1,HIGH,5
